{"cameraMode":{"drawMode":0,"name":"Shaded","section":"Shading Mode"},"sceneLighting":false,"audioPlay":false,"sceneViewState":{"showFog":true,"showMaterialUpdate":false,"showSkybox":false,"showFlares":true,"showImageEffects":true,"showParticleSystems":true},"in2DMode":false,"pivot":{"x":1901.6669921875,"y":-54.8323974609375,"z":-8.532964706420899},"rotation":{"x":-0.0845721885561943,"y":0.2135329395532608,"z":0.01854947954416275,"w":0.9731034636497498},"size":28.872610092163087,"orthographic":false}