{"cameraMode":{"drawMode":0,"name":"Shaded","section":"Shading Mode"},"sceneLighting":false,"audioPlay":false,"sceneViewState":{"showFog":true,"showMaterialUpdate":false,"showSkybox":false,"showFlares":true,"showImageEffects":true,"showParticleSystems":true},"in2DMode":false,"pivot":{"x":48.83623504638672,"y":4.37195348739624,"z":-2.88505220413208},"rotation":{"x":0.05854196846485138,"y":0.6735719442367554,"z":-0.05368019640445709,"w":0.7348614931106567},"size":66.91163635253906,"orthographic":false}